City_ID,City,Lat,Lng,Max Temp,Humidity,Cloudiness,Wind Speed,Country,Date
0,sitka,57.0531,-135.33,9.64,81,100,1.77,US,1749265262
1,hawaiian paradise park,19.5933,-154.9731,25.57,78,4,0.45,US,1749265263
2,mersing,2.4312,103.8405,28.95,79,20,2.06,MY,1749265264
3,waitangi,-43.9535,-176.5597,11.39,85,95,18.48,NZ,1749265265
4,lata,40.1629,-8.3327,11.38,91,67,1.23,PT,1749265266
5,hithadhoo,-0.6,73.0833,29.16,68,81,4.55,MV,1749265267
6,hamilton,39.1834,-84.5333,20.52,95,100,3.09,US,1749265268
7,torit,4.4133,32.5678,19.29,93,37,1.17,SS,1749265269
8,kidal,18.4411,1.4078,29.21,34,16,1.56,ML,1749265270
9,blackmans bay,-43.0167,147.3167,11.07,65,20,5.75,AU,1749265271
10,atar,20.5169,-13.0499,27.21,24,0,3.58,MR,1749265273
11,port-aux-francais,-49.35,70.2167,3.03,62,100,9.19,TF,1749265274
12,cape canaveral,28.4058,-80.6048,28.38,84,20,6.69,US,1749265275
13,margaret river,-33.95,115.0667,16.24,58,100,0.79,AU,1749265054
14,mukalla,14.5425,49.1242,28.44,67,40,1.97,YE,1749265277
15,usogorsk,63.4106,48.6872,15.25,86,100,2.77,RU,1749265278
16,vendenheim,48.6695,7.7098,17.17,88,0,0.51,FR,1749265279
17,west island,-12.1568,96.8225,26.99,94,75,6.17,CC,1749265280
18,luderitz,-26.6481,15.1594,12.35,66,100,3.09,NA,1749265281
19,adamstown,-25.066,-130.1015,20.56,66,96,8.26,PN,1749265283
20,san patricio,28.017,-97.5169,28.91,81,12,7.25,US,1749265284
21,iqaluit,63.7506,-68.5145,-0.15,100,100,1.54,CA,1749265285
22,prince rupert,54.3161,-130.3201,12.05,72,0,7.72,CA,1749265286
23,college,64.8569,-147.8028,14.99,48,75,0.45,US,1749265287
24,ptolemaida,40.5147,21.6786,17.13,83,8,0.79,GR,1749265288
25,ushuaia,-54.8,-68.3,2.81,100,75,1.03,AR,1749265289
26,grytviken,-54.2811,-36.5092,0.38,99,100,2.82,GS,1749265290
27,saipan,15.1355,145.701,30.36,77,58,4.02,MP,1749265291
28,joshimath,30.5667,79.5667,21.33,21,0,1.22,IN,1749265292
29,happy valley-goose bay,53.3168,-60.3315,15.17,47,75,2.06,CA,1749265294
30,atafu village,-8.5421,-172.5159,27.92,79,100,5.45,TK,1749265295
31,klyuchi,52.2667,79.1667,25.1,50,49,3.59,RU,1749265296
32,edinburgh of the seven seas,-37.0676,-12.3116,14.36,84,100,13.0,SH,1749265297
33,longyearbyen,78.2186,15.6401,0.91,75,75,6.17,SJ,1749265298
34,garanhuns,-8.8903,-36.4928,18.32,95,100,2.72,BR,1749265299
35,lihue,21.9789,-159.3672,27.77,57,20,5.14,US,1749265131
36,albany,42.6001,-73.9662,18.84,96,97,0.36,US,1749265298
37,usinsk,65.9939,57.5281,12.04,56,99,7.96,RU,1749265302
38,bilibino,68.0546,166.4372,15.92,32,100,2.28,RU,1749265303
39,reggane,26.7158,0.1714,30.12,23,20,3.03,DZ,1749265304
40,menongue,-14.6585,17.691,9.88,61,0,1.7,AO,1749265307
41,luchegorsk,46.4764,134.2569,16.78,76,82,3.77,RU,1749265308
42,punta arenas,-53.15,-70.9167,7.06,93,75,7.2,CL,1749265245
43,cockburn town,21.4612,-71.1419,26.92,80,99,6.97,TC,1749265311
44,olonkinbyen,70.9221,-8.7187,1.33,98,100,4.8,SJ,1749265312
45,lome,6.1375,1.2123,27.09,89,40,3.09,TG,1749265313
46,puerto ayora,-0.7393,-90.3518,23.64,97,1,1.79,EC,1749265315
47,invercargill,-46.4,168.35,5.01,83,98,0.89,NZ,1749265090
48,wailua homesteads,22.0669,-159.378,25.07,76,2,0.89,US,1749265317
49,qaqortoq,60.7167,-46.0333,1.05,91,63,2.19,GL,1749265318
50,n'djamena,12.1067,15.0444,31.95,33,20,2.83,TD,1749265319
51,papatowai,-46.5619,169.4708,5.75,73,97,4.5,NZ,1749265320
52,ribeira grande,38.5167,-28.7,19.32,96,31,2.34,PT,1749265321
53,kokpekty,48.75,82.4,24.68,41,55,1.5,KZ,1749265322
54,port elizabeth,-33.918,25.5701,10.16,76,0,1.54,ZA,1749265323
55,chonchi,-42.6128,-73.8092,5.62,96,81,0.68,CL,1749265326
56,bethel,41.3712,-73.414,21.08,85,100,0.45,US,1749265327
57,bel ombre,-4.6167,55.4167,26.91,89,40,4.63,SC,1749265328
58,badger,64.8,-147.5333,16.1,48,94,0.89,US,1749265329
59,sung noen,14.8992,101.8207,34.6,100,40,3.69,TH,1749265330
60,san antonio de pale,-1.4014,5.6325,25.66,86,35,6.02,GQ,1749265331
61,avarua,-21.2078,-159.775,25.03,73,75,2.57,CK,1749265332
62,san andres tuxtla,18.45,-95.2167,24.58,85,88,2.53,MX,1749265333
63,uturoa,-16.7333,-151.4333,27.51,78,100,9.07,PF,1749265335
64,tanjung sepat,2.6579,101.5629,26.08,89,40,2.06,MY,1749265337
65,ciudad lazaro cardenas,17.9583,-102.2,28.44,78,84,1.36,MX,1749265338
66,guangyuan,32.442,105.823,24.55,63,100,3.12,CN,1749265339
67,sitangkai,4.6628,119.3928,28.54,72,97,4.25,PH,1749265340
68,sirte,31.2089,16.5887,21.84,70,1,4.2,LY,1749265341
69,moroni,-11.7022,43.2551,25.57,78,38,4.94,KM,1749265342
70,dudinka,69.4058,86.1778,5.81,94,100,3.6,RU,1749265343
71,stanley,54.868,-1.6985,7.91,91,100,1.64,GB,1749265344
72,tarfaya,27.9358,-12.9218,19.42,89,100,7.84,MA,1749265345
73,belo oriente,-19.22,-42.4836,19.86,79,15,1.22,BR,1749265346
74,bonny,4.4522,7.1681,26.47,82,58,3.21,NG,1749265348
75,georgetown,5.4112,100.3354,25.97,88,40,4.63,MY,1749265279
76,palmas,-10.2128,-48.3603,23.93,73,0,2.57,BR,1749265350
77,whitehorse,60.7161,-135.0538,16.43,21,40,4.12,CA,1749265073
78,tolanaro,-25.0319,46.9987,21.04,78,75,6.17,MG,1749265352
79,vilyuchinsk,52.9306,158.4028,9.15,82,89,0.72,RU,1749265353
80,yanykurgan,43.915,67.2481,26.74,31,2,10.06,KZ,1749265354
81,arraial do cabo,-22.9661,-42.0278,22.63,79,90,4.64,BR,1749265355
82,kingston,17.997,-76.7936,28.53,79,20,5.14,JM,1749265356
83,simanggang,1.2472,111.4528,25.99,88,40,1.54,MY,1749265358
84,badarganj,25.674,89.0549,31.62,56,0,2.37,BD,1749265359
85,hermanus,-34.4187,19.2345,14.89,84,74,9.12,ZA,1749265360
86,maragogi,-9.0122,-35.2225,24.38,87,15,3.26,BR,1749265361
87,illizi,26.4833,8.4667,30.42,28,100,0.89,DZ,1749265362
88,umm ruwaba,12.9061,31.2158,27.38,37,11,3.06,SD,1749265363
89,vorgashor,67.5833,63.95,2.36,100,77,3.77,RU,1749265364
90,palmer,42.1584,-72.3287,20.13,80,100,0.62,US,1749265365
91,mahina,-17.5065,-149.489,25.87,83,75,2.06,PF,1749265366
92,rundu,-17.9333,19.7667,11.74,55,0,1.62,NA,1749265368
93,sarangani,5.4033,125.4636,28.79,77,98,8.09,PH,1749265369
94,nazarovo,56.0064,90.3914,20.91,63,13,3.23,RU,1749265370
95,harper,4.375,-7.7169,25.48,87,93,3.27,LR,1749265371
96,lebu,-37.6167,-73.65,10.51,96,100,3.91,CL,1749265372
97,tiksi,71.6872,128.8694,0.14,83,94,2.58,RU,1749265080
98,tura,25.5198,90.2201,29.2,69,0,1.04,IN,1749265374
99,nueva esperanza,15.2667,-87.6,26.6,86,100,0.24,HN,1749265375
100,arrifes,37.7667,-25.7,17.18,82,20,0.51,PT,1749265376
101,jiaozuo,35.2397,113.2331,34.28,32,100,4.99,CN,1749265220
102,yuzhno-kurilsk,44.0306,145.8556,13.07,87,100,6.11,RU,1749265379
103,owando,-0.4819,15.8999,21.66,93,31,0.62,CG,1749265380
104,minas de marcona,-15.2119,-75.1103,11.04,92,85,5.08,PE,1749265381
105,anna regina,7.2644,-58.5077,25.15,91,69,3.05,GY,1749265382
106,al kharijah,25.4514,30.5464,23.98,25,0,3.47,EG,1749265383
107,la passe,45.5549,-0.8967,15.93,84,100,6.31,FR,1749265384
108,katsuren-haebaru,26.3369,127.8719,31.16,81,14,3.39,JP,1749265385
109,udachny,66.4167,112.4,12.19,29,26,0.89,RU,1749265386
110,hasaki,35.7333,140.8333,22.67,73,49,9.12,JP,1749265389
111,mana,5.6592,-53.7767,25.42,90,100,4.44,GF,1749265390
112,markova,48.6758,24.4138,16.49,81,31,3.17,UA,1749265391
113,constantia,44.1833,28.65,17.61,91,7,1.76,RO,1749265392
114,khanty-mansiysk,61.0042,69.0019,9.06,57,0,2.0,RU,1749265393
115,ji'an,27.1172,114.9793,32.81,65,27,4.48,CN,1749265394
116,mount gambier,-37.8333,140.7667,8.02,94,99,4.08,AU,1749265395
117,badagry,6.4167,2.8833,25.39,89,100,2.99,NG,1749265396
118,souillac,-20.5167,57.5167,22.21,94,40,6.17,MU,1749265397
119,kizhinga,51.8462,109.9097,19.11,29,99,5.5,RU,1749265398
120,nambucca heads,-30.65,153.0,20.96,40,1,0.53,AU,1749265400
121,olenino,56.2092,33.4889,15.95,96,84,2.76,RU,1749265401
122,sakaiminato,35.55,133.2333,27.99,44,75,2.57,JP,1749265402
123,praia da vitoria,38.7333,-27.0667,18.14,94,40,1.5,PT,1749265403
124,fortuna,40.5982,-124.1573,12.74,88,49,2.06,US,1749265404
125,mitu,1.1983,-70.1733,19.24,99,63,1.2,CO,1749265405
126,rongelap,11.1635,166.8941,28.0,73,24,2.81,MH,1749265406
127,zwedru,6.0667,-8.1281,21.77,99,86,0.95,LR,1749265407
128,inhambane,-23.865,35.3833,19.91,84,0,1.98,MZ,1749265408
129,konstantinovka,49.6167,127.9833,14.94,75,100,2.38,RU,1749265410
130,codrington,-38.2667,141.9667,12.7,65,57,5.33,AU,1749265411
131,haiku-pauwela,20.9219,-156.3051,26.79,71,44,12.52,US,1749265412
132,thompson,55.7435,-97.8558,20.09,49,100,1.54,CA,1749265413
133,howard springs,-12.497,131.047,29.95,51,92,4.47,AU,1749265414
134,nova sintra,14.8667,-24.7167,23.28,84,3,5.44,CV,1749265415
135,lichtenburg,-26.152,26.1597,9.11,75,0,4.09,ZA,1749265416
136,coquimbo,-29.9533,-71.3436,12.85,92,75,1.03,CL,1749265417
137,puerto natales,-51.7236,-72.4875,6.69,94,100,1.26,CL,1749265418
138,port lincoln,-34.7333,135.8667,14.84,72,95,13.97,AU,1749265420
139,weno,7.4515,151.8468,28.75,75,14,4.98,FM,1749265422
140,aasiaat,68.7098,-52.8699,-0.7,89,38,2.97,GL,1749265423
141,massena,44.9281,-74.8919,17.15,82,0,0.0,US,1749265424
142,taro,-8.3862,115.28,22.6,90,93,1.17,ID,1749265425
143,talnakh,69.4865,88.3972,7.2,98,100,1.9,RU,1749265426
144,lethem,3.3803,-59.7968,24.56,88,68,3.05,GY,1749265427
145,grand gaube,-20.0064,57.6608,21.88,91,66,0.89,MU,1749265428
146,strezhevoy,60.7333,77.5889,9.08,81,100,6.17,RU,1749265430
147,al khums,32.6486,14.2619,22.07,52,63,3.51,LY,1749265431
148,isafjordur,66.0755,-23.124,1.14,75,52,1.8,IS,1749265432
149,enewetak,11.3474,162.3373,28.18,70,17,3.54,MH,1749265433
150,yellowknife,62.456,-114.3525,11.34,86,75,8.23,CA,1749265434
151,medina,24.4686,39.6142,29.24,13,0,2.06,SA,1749265218
152,tongliao,43.6125,122.2653,24.38,29,1,4.78,CN,1749265227
153,jamestown,42.097,-79.2353,18.8,100,100,2.57,US,1749265437
154,patos de minas,-18.5789,-46.5181,18.04,66,8,1.68,BR,1749265438
155,sao joao da barra,-21.6403,-41.0511,21.8,83,100,5.44,BR,1749265439
156,tekirova,36.5017,30.5272,21.7,44,0,2.22,TR,1749265440
157,ancud,-41.8697,-73.8203,6.62,92,8,1.99,CL,1749265442
158,kapa'a,22.0752,-159.319,25.82,76,1,0.89,US,1749265443
159,tual,-5.6667,132.75,26.56,86,96,8.52,ID,1749265446
160,phrai bueng,14.7483,104.3626,32.74,66,78,3.19,TH,1749265447
161,grootfontein,-19.5667,18.1167,5.76,87,0,1.54,NA,1749265448
162,kaa-khem,51.6833,94.7333,21.36,52,100,0.25,RU,1749265449
163,tarawa,1.419,172.984,31.05,70,20,4.12,KI,1749265451
164,caldas novas,-17.7417,-48.625,19.06,52,16,0.82,BR,1749265452
165,ilulissat,69.2167,-51.1,2.01,87,100,2.57,GL,1749265453
166,crane,31.3974,-102.3501,29.24,39,90,9.53,US,1749265454
167,yeppoon,-23.1333,150.7333,21.65,63,95,0.52,AU,1749265455
168,rikaze,29.25,88.8833,11.43,47,100,0.87,CN,1749265456
169,gulf shores,30.246,-87.7008,28.89,86,6,5.95,US,1749265457
170,puerto baquerizo moreno,-0.9,-89.6,23.44,87,7,4.6,EC,1749265458
171,popondetta,-8.7537,148.2534,27.47,82,98,1.63,PG,1749265459
172,gizo,-8.103,156.8419,26.62,85,100,6.99,SB,1749265460
173,huanimaro,20.3667,-101.5,23.11,47,83,3.92,MX,1749265461
174,san fernando,15.0286,120.6898,30.85,78,100,1.06,PH,1749265463
175,eilat,29.5581,34.9482,24.91,36,0,5.14,IL,1749265464
176,nykarleby,63.5228,22.5307,12.79,81,100,3.12,FI,1749265465
177,ternate,0.8,127.4,28.88,72,56,3.11,ID,1749265466
178,port mathurin,-19.6833,63.4167,24.43,70,4,8.77,MU,1749265467
179,mount isa,-20.7333,139.5,23.87,15,100,8.23,AU,1749265469
180,pacific grove,36.6177,-121.9166,15.82,86,0,2.57,US,1749265470
181,bonthe,7.5264,-12.505,25.64,87,80,1.78,SL,1749265471
182,adrar,20.5022,-10.0711,26.32,26,0,4.04,MR,1749265473
183,ha'il,27.5219,41.6907,20.01,17,0,1.03,SA,1749265474
184,cabo san lucas,22.8909,-109.9124,23.12,68,23,5.71,MX,1749264966
185,arvayheer,46.2639,102.775,17.37,36,28,3.42,MN,1749265476
186,manukan,8.5333,123.1,28.24,79,100,3.29,PH,1749265477
187,dunda,-8.1167,34.25,14.35,88,5,1.47,TZ,1749265478
188,elk city,35.412,-99.4043,25.12,88,20,6.17,US,1749265479
189,dhar,22.6,75.3,30.39,46,0,6.37,IN,1749265294
190,rawson,-43.3002,-65.1023,1.16,75,0,2.57,AR,1749265482
191,hami,42.8,93.45,31.21,16,53,4.18,CN,1749265483
192,saint-pierre,-21.3393,55.4781,21.82,73,0,6.69,RE,1749265484
193,kerouane,9.2667,-9.0167,20.97,95,97,1.81,GN,1749265485
194,st. john's,47.5649,-52.7093,16.66,94,20,4.12,CA,1749265487
195,marquette,46.5333,-87.6335,10.2,88,49,0.81,US,1749265490
196,taroa,8.7058,171.2275,28.0,72,92,2.57,MH,1749265491
197,kruisfontein,-34.0033,24.7314,12.7,23,98,3.33,ZA,1749265492
198,san luis potosi,22.5,-100.5,19.98,77,44,4.88,MX,1749265297
199,san fernando de apure,7.8878,-67.4724,23.26,95,43,0.92,VE,1749265494
200,queenstown,-31.8976,26.8753,11.85,58,42,3.26,ZA,1749265495
201,roswell,34.0232,-84.3616,25.86,90,75,3.09,US,1749265496
202,traverse city,44.7631,-85.6206,14.08,83,0,0.0,US,1749265497
203,sierakowice,54.3461,17.8925,10.08,95,51,3.37,PL,1749265498
204,san jose de gracia,20.6667,-102.5833,22.71,36,9,1.87,MX,1749265499
205,zeya,53.75,127.2667,13.88,77,100,1.81,RU,1749265500
206,lompoc,34.6391,-120.4579,17.61,79,6,4.63,US,1749265502
207,lexington,37.9887,-84.4777,20.61,84,100,1.54,US,1749265503
208,akureyri,65.6835,-18.0878,2.96,81,100,1.54,IS,1749265504
209,lexington-fayette,38.0498,-84.4585,20.59,84,100,1.54,US,1749265505
210,luanda,-8.8368,13.2343,23.09,83,100,2.88,AO,1749265506
211,lashio,22.9333,97.75,27.82,66,47,0.87,MM,1749265507
212,sumedang utara,-6.85,107.9167,28.69,67,100,0.79,ID,1749265508
213,podgornoye,51.735,39.1496,20.12,68,0,1.0,RU,1749265509
214,federacion,-31.0062,-57.8996,10.32,74,0,3.89,AR,1749265510
215,the pas,53.8251,-101.2541,25.01,23,100,3.6,CA,1749265511
216,namibe,-15.1961,12.1522,20.28,68,0,2.76,AO,1749265513
217,mil'kovo,55.6078,37.7956,18.5,80,100,2.07,RU,1749265500
218,kavaratti,10.5669,72.642,28.7,73,75,4.99,IN,1749265515
219,montepuez,-13.1256,38.9997,15.26,94,0,1.85,MZ,1749265516
220,alatyr',54.8421,46.5813,15.3,75,31,3.09,RU,1749265517
221,ajaccio,42.0,8.9167,14.66,72,0,3.09,FR,1749265518
222,letterkenny,54.95,-7.7333,8.9,95,100,1.77,IE,1749265519
223,kapuskasing,49.4169,-82.4331,13.05,71,0,2.06,CA,1749265521
224,aginskoye,51.1,114.53,20.03,27,16,6.28,RU,1749265523
225,shanwei,22.782,115.3475,29.21,77,48,3.14,CN,1749265524
226,touros,-5.1989,-35.4608,23.86,91,9,3.85,BR,1749265525
227,mandalgovi,45.7625,106.2708,20.35,23,9,2.46,MN,1749265527
228,cukai,4.25,103.4167,30.27,72,55,1.2,MY,1749265531
229,tommot,58.9564,126.2925,8.28,96,100,2.34,RU,1749265532
230,capayan,-28.761,-66.0502,13.42,77,2,1.85,AR,1749265533
231,ulsteinvik,62.3432,5.8487,5.73,92,60,2.12,NO,1749265534
232,sirvan,39.9379,48.9286,19.58,57,100,2.96,AZ,1749265535
233,papao,-17.75,-149.55,25.82,82,100,7.97,PF,1749265537
234,ujae,8.9322,165.7642,27.9,74,18,1.04,MH,1749265538
235,fort mcmurray,56.7268,-111.381,13.77,88,75,6.17,CA,1749265540
236,carnarvon,-24.8667,113.6333,23.48,35,0,7.0,AU,1749265541
237,quellon,-43.1167,-73.6167,6.98,91,100,1.5,CL,1749265542
238,partapur,23.6,74.1667,33.9,38,0,5.41,IN,1749265543
239,goure,13.9835,10.2704,28.32,19,1,2.38,NE,1749265544
240,vernon,50.2581,-119.2691,24.96,40,99,1.03,CA,1749265267
241,at taj,24.2049,23.2857,24.36,21,0,3.51,LY,1749265546
242,medianeira,-25.2953,-54.0939,17.22,96,82,1.07,BR,1749265547
243,guiglo,6.5456,-7.4966,21.66,100,86,0.94,CI,1749265548
244,sibut,5.718,19.0739,21.27,84,12,0.94,CF,1749265549
245,bairnsdale,-37.8333,147.6167,13.92,60,100,1.79,AU,1749265551
246,nuku'alofa,-21.1333,-175.2,26.19,78,75,6.69,TO,1749265552
247,chibougamau,49.9168,-74.3659,13.79,54,100,3.09,CA,1749265553
248,dara,15.3484,-15.4799,25.68,44,20,4.11,SN,1749265554
249,tralee,52.2704,-9.7026,10.31,93,94,1.28,IE,1749265555
250,petropavlovsk-kamchatsky,53.0452,158.6483,8.33,76,100,0.0,RU,1749265556
251,cedeira,43.6797,-8.0209,14.99,86,42,6.05,ES,1749265557
252,barabinsk,55.3571,78.357,20.04,70,17,1.19,RU,1749265558
253,tadine,-21.55,167.8833,23.08,53,0,4.25,NC,1749265559
254,diego de almagro,-26.3667,-70.05,11.81,70,3,0.25,CL,1749265560
255,vila franca do campo,37.7167,-25.4333,18.27,99,5,1.92,PT,1749265561
256,sundsvall,62.3913,17.3063,8.98,100,100,2.06,SE,1749265563
257,iskateley,67.6803,53.1512,13.5,74,90,4.71,RU,1749265564
258,tacuarembo,-31.7333,-55.9833,7.07,82,2,1.45,UY,1749265565
259,kasempa,-13.4584,25.8338,10.81,86,0,2.89,ZM,1749265566
260,yuanping,38.7153,112.7575,27.6,30,100,3.13,CN,1749265567
261,sarpol-e zahab,34.4611,45.8626,23.88,25,0,1.78,IR,1749265568
262,anadyr,64.75,177.4833,9.28,43,0,6.0,RU,1749265569
263,saguenay,48.4168,-71.0657,20.06,53,75,3.6,CA,1749265570
264,figuig (centre),32.1089,-1.2286,25.28,20,18,2.21,MA,1749265571
265,bredasdorp,-34.5322,20.0403,13.3,69,100,4.83,ZA,1749265573
266,kimbe,-5.5502,150.1429,23.96,96,100,2.15,PG,1749265575
267,shizunai-furukawacho,42.3339,142.3669,15.85,78,88,2.61,JP,1749265576
268,sapucaia,-29.8333,-51.15,11.64,93,0,0.51,BR,1749265577
269,mangaldai,26.4333,92.0333,30.75,62,0,0.48,IN,1749265578
270,bubaque,11.2833,-15.8333,26.88,86,10,4.96,GW,1749265579
271,hobyo,5.3505,48.5268,25.47,81,85,9.28,SO,1749265580
272,misratah,32.3754,15.0925,21.99,67,6,3.26,LY,1749265581
273,mccook,40.2019,-100.6257,18.13,77,40,2.57,US,1749265582
274,lhasa,29.65,91.1,7.97,91,100,2.63,CN,1749265583
275,saint-philippe,-21.3585,55.7679,21.91,80,58,5.93,RE,1749265584
276,margate,51.3813,1.3862,11.5,87,100,3.94,GB,1749265585
277,bardai,11.65,7.2333,23.44,72,90,4.47,NG,1749265587
278,wagar,16.1525,36.2032,30.32,15,29,3.29,SD,1749265588
279,partille,57.7395,12.1064,11.68,87,100,7.72,SE,1749265589
280,imbituba,-28.24,-48.6703,17.57,81,100,2.28,BR,1749265590
281,northam,51.0333,-4.2167,11.25,92,100,4.15,GB,1749265591
282,sao francisco do sul,-26.2433,-48.6381,17.95,94,75,0.0,BR,1749265592
283,kushiro,42.975,144.3747,18.53,63,75,7.72,JP,1749265593
284,grand falls-windsor,48.9332,-55.6649,15.28,88,100,0.69,CA,1749265594
285,tara,56.8944,74.371,13.85,57,87,3.38,RU,1749265595
286,al fuwayliq,26.4432,43.2534,25.18,18,0,2.12,SA,1749265596
287,malpe,13.35,74.7167,28.46,81,77,2.95,IN,1749265598
288,palafrugell,41.9174,3.1631,16.54,86,0,0.45,ES,1749265600
289,shenjiamen,29.9576,122.298,28.44,78,50,4.57,CN,1749265601
290,grande prairie,55.1667,-118.8027,14.1,44,100,4.12,CA,1749265602
291,ta`u,-14.2336,-169.5144,27.37,76,54,3.85,AS,1749265603
292,saldanha,-33.0117,17.9442,14.57,93,100,8.51,ZA,1749265604
293,kodiak,57.79,-152.4072,6.73,87,100,6.69,US,1749265605
294,soio,-6.1349,12.3689,24.12,87,27,3.53,AO,1749265606
295,port alfred,-33.5906,26.891,17.96,45,50,4.2,ZA,1749265607
296,hays,30.0502,-98.0336,28.82,76,0,3.58,US,1749265609
297,kindu,-2.95,25.95,20.21,99,43,0.91,CD,1749265610
298,shiguai,40.7058,110.2856,25.13,22,100,2.22,CN,1749265611
299,san pedro pochutla,15.7333,-96.4667,25.95,88,100,2.29,MX,1749265612
300,fale old settlement,-9.3852,-171.2468,27.76,80,80,5.83,TK,1749265613
301,labrador city,52.9463,-66.9114,6.32,86,100,2.33,CA,1749265614
302,nemuro,43.3236,145.575,12.76,91,54,8.65,JP,1749265615
303,nuuk,64.1835,-51.7216,2.34,100,100,1.54,GL,1749265616
304,sao vicente,-23.9631,-46.3919,22.78,80,45,1.07,BR,1749265617
305,arar,30.9753,41.0381,24.01,14,0,3.09,SA,1749265618
306,gunnedah,-30.9833,150.25,17.23,44,9,6.42,AU,1749265619
307,bikenibeu village,1.3673,173.1241,28.04,75,35,3.07,KI,1749265621
308,tamandare,-8.7597,-35.1047,24.92,86,4,3.12,BR,1749265622
309,safaga,26.7292,33.9365,27.12,46,0,5.36,EG,1749265623
310,krasnyy yar,46.5331,48.3456,20.0,59,100,6.13,RU,1749265624
311,toliara,-23.35,43.6667,22.07,66,0,2.43,MG,1749265625
312,keflavik,64.0049,-22.5624,5.24,70,75,2.06,IS,1749265626
313,bojnurd,37.4747,57.329,14.97,58,3,1.03,IR,1749265627
314,kirensk,57.7853,108.1119,17.86,29,2,3.26,RU,1749265628
315,zhangjiajie,29.1294,110.4783,32.29,65,36,1.56,CN,1749265629
316,dalandzadgad,43.5708,104.425,22.18,21,24,3.17,MN,1749265630
317,al hazm,16.1641,44.7769,26.29,20,96,1.3,YE,1749265632
318,vegreville,53.5001,-112.0518,19.84,44,100,5.79,CA,1749265633
319,ogdensburg,44.6942,-75.4863,17.01,94,75,0.0,US,1749265634
320,manicore,-5.8092,-61.3003,25.32,75,62,0.06,BR,1749265635
321,fort st. john,56.2499,-120.8529,14.16,48,45,3.14,CA,1749265636
322,sola,-13.8833,167.55,28.37,58,75,3.09,VU,1749265637
323,murun-kuren,49.6342,100.1625,20.27,44,48,1.95,MN,1749265638
324,ust-nera,64.5667,143.2,20.04,44,98,2.39,RU,1749265639
325,leo,11.1,-2.1,25.82,65,53,2.5,BF,1749265640
326,vincennes,48.85,2.4333,15.31,83,100,5.14,FR,1749265641
327,palikir - national government center,6.9248,158.1611,31.47,70,75,4.63,FM,1749265642
328,sao jose da coroa grande,-8.8978,-35.1478,25.19,84,15,3.95,BR,1749265644
329,horta,38.5333,-28.6333,18.9,95,38,2.4,PT,1749265645
330,la ronge,55.1001,-105.2842,12.74,75,71,3.17,CA,1749265646
331,shubarshi,48.5872,57.1869,22.37,58,69,5.91,KZ,1749265647
332,east london,-33.0153,27.9116,17.49,53,93,2.1,ZA,1749265648
333,bijie,27.3125,105.2942,19.69,94,100,2.5,CN,1749265649
334,worland,44.0169,-107.9554,18.83,48,0,4.12,US,1749265650
335,robertsport,6.7533,-11.3686,26.41,82,91,2.37,LR,1749265651
336,cole harbour,44.6724,-63.4751,15.09,89,99,0.45,CA,1749265652
337,vanimo,-2.6741,141.3028,30.69,64,100,2.53,PG,1749265655
338,martapura,-3.4167,114.85,31.05,66,40,3.6,ID,1749265656
339,jalapa,19.5333,-96.9167,18.9,91,87,1.22,MX,1749265657
340,aioun,16.6614,-9.6149,31.46,15,35,4.26,MR,1749265658
341,letlhakeng,-24.0944,25.0298,10.25,78,0,2.91,BW,1749265659
342,laguna,38.421,-121.4238,29.57,51,0,4.12,US,1749265660
343,sinop,41.7711,34.8709,13.82,72,0,2.03,TR,1749265661
344,antsiranana,-12.2787,49.2917,23.58,79,14,8.53,MG,1749265662
345,bibai,43.3247,141.8586,21.33,64,92,6.35,JP,1749265664
346,alaghsas,17.0187,8.0168,31.91,24,98,4.59,NE,1749265665
347,mejit,10.2753,170.8646,28.08,71,34,2.06,MH,1749265666
348,thames,-37.1333,175.5333,11.39,75,70,3.02,NZ,1749265667
349,ghadamis,30.1337,9.5007,28.37,34,100,3.46,LY,1749265668
350,qarazhal,48.0078,70.7903,21.22,59,100,5.46,KZ,1749265669
351,severo-yeniseyskiy,60.3725,93.0408,24.04,37,100,3.42,RU,1749265670
352,ribas do rio pardo,-20.4431,-53.7592,20.52,82,53,1.65,BR,1749265671
353,nadym,65.5333,72.5167,7.45,63,20,3.83,RU,1749265672
354,el-tor,28.2364,33.6254,22.21,67,4,6.56,EG,1749265673
355,likhoslavl',57.1275,35.464,15.91,96,99,1.94,RU,1749265675
356,dhidhdhoo,6.8833,73.1,28.2,77,64,5.29,MV,1749265676
357,beledweyne,4.7358,45.2036,24.43,70,39,6.39,SO,1749265677
358,pitea,65.3172,21.4794,10.24,92,86,2.3,SE,1749265678
359,tobetsu,43.2169,141.5169,21.17,64,75,9.77,JP,1749265679
360,santo domingo,18.5001,-69.9886,26.69,89,40,0.89,DO,1749265680
361,ghat,24.9647,10.1728,28.19,34,68,0.67,LY,1749265681
362,el abiodh sidi cheikh,32.893,0.5484,25.66,23,66,3.31,DZ,1749265682
363,pavlodar,52.3,76.95,24.89,50,0,5.0,KZ,1749265683
364,alo,6.5486,4.2686,25.59,87,91,1.46,NG,1749265685
365,humahuaca,-23.2054,-65.3505,7.61,38,2,1.67,AR,1749265686
366,colonia,50.9333,6.95,14.13,90,0,1.54,DE,1749265687
367,castillos,-34.1667,-53.8333,7.58,76,100,1.01,UY,1749265688
368,qulsary,46.9531,54.0198,21.64,51,52,2.93,KZ,1749265690
369,trairi,-3.2778,-39.2689,24.49,88,70,3.68,BR,1749265691
370,melenki,55.3343,41.6295,17.66,94,63,1.88,RU,1749265692
371,tvoroyri,61.5556,-6.8111,7.77,85,99,8.38,FO,1749265693
372,sumbawa besar,-8.5,117.4333,30.22,64,89,3.73,ID,1749265694
373,fauske,67.2588,15.3918,8.86,83,84,0.47,NO,1749265696
374,mossel bay,-34.1831,22.146,16.51,40,99,3.45,ZA,1749265697
375,oyem,1.5995,11.5793,18.97,99,31,0.85,GA,1749265698
376,gotsucho,35.0,132.2167,25.17,60,100,2.27,JP,1749265699
377,ocean city,39.2776,-74.5746,21.1,91,99,1.34,US,1749265700
378,cuprija,43.9275,21.37,17.37,87,1,2.12,RS,1749265701
379,sabha,27.0377,14.4283,28.7,20,25,2.04,LY,1749265702
380,nar'yan-mar,67.6713,53.087,13.56,74,95,4.7,RU,1749265703
381,rio grande,-32.035,-52.0986,10.6,71,45,1.73,BR,1749265704
382,jeremie,18.65,-74.1167,26.11,83,100,1.09,HT,1749265705
383,hotan,37.0997,79.9269,31.48,7,0,3.08,CN,1749265706
384,sitia,35.2,26.0986,21.42,67,0,2.57,GR,1749265708
385,yarrawonga,-36.0167,146.0,11.16,78,91,6.7,AU,1749265709
386,yoakum,29.2878,-97.1519,26.99,78,0,6.09,US,1749265710
387,caleta de carquin,-11.0925,-77.6267,18.43,82,63,4.88,PE,1749265711
388,holualoa,19.6228,-155.9522,25.1,74,95,0.45,US,1749265712
389,utrik,11.2278,169.8474,27.93,76,96,3.46,MH,1749265713
390,tazovsky,67.4667,78.7,3.04,77,68,4.51,RU,1749265714
391,acarau,-2.8856,-40.12,24.66,90,98,5.03,BR,1749265715
392,lerwick,60.1545,-1.1494,9.19,86,100,4.14,GB,1749265716
393,guijuelo,40.5576,-5.6707,11.14,86,14,0.8,ES,1749265717
394,chegdomyn,51.1167,133.0167,8.44,90,100,1.17,RU,1749265719
395,castlegar,49.2998,-117.6689,22.95,51,49,2.04,CA,1749265514
396,seydi,39.4816,62.9137,26.01,20,0,4.58,TM,1749265723
397,korla,41.7597,86.1469,30.36,18,42,5.54,CN,1749265724
398,port shepstone,-30.7414,30.455,20.41,48,0,4.18,ZA,1749265726
399,nadi,-17.8,177.4167,28.0,54,20,5.66,FJ,1749265727
400,roquetas de mar,36.7642,-2.6148,21.45,83,0,0.87,ES,1749265728
401,port douglas,-16.4833,145.4667,24.24,75,39,3.2,AU,1749265729
402,balabac,7.9868,117.0645,26.23,90,100,6.57,PH,1749265730
403,chenzhou,25.8,113.0333,34.1,54,32,1.94,CN,1749265731
404,tofol,5.3248,163.0078,27.88,83,75,3.6,FM,1749265732
405,san jose del guaviare,2.5729,-72.6459,17.77,98,99,0.45,CO,1749265734
406,nyurba,63.2842,118.3319,13.73,31,48,4.36,RU,1749265735
407,turpan,42.9333,89.1667,35.5,17,5,1.23,CN,1749265736
408,yanam,16.7333,82.2167,32.93,51,100,2.8,IN,1749265737
409,biloela,-24.4167,150.5,22.8,43,89,3.5,AU,1749265738
410,zunyi,27.6867,106.9072,23.41,92,100,0.71,CN,1749265739
411,wuwei,37.9281,102.6414,26.55,19,100,4.28,CN,1749265740
412,tabou,4.423,-7.3528,25.17,89,98,3.03,CI,1749265741
413,el nido,11.1858,119.3956,27.41,93,97,5.1,PH,1749265742
414,qa'en,33.7265,59.1844,17.84,49,3,3.5,IR,1749265743
415,fort bragg,35.139,-79.006,26.91,76,0,1.54,US,1749265744
416,narvik,68.4384,17.4272,9.1,91,12,1.17,NO,1749265746
417,falmouth,50.1544,-5.0711,12.32,95,75,5.14,GB,1749265747
418,sumbe,-11.2061,13.8437,22.04,89,19,2.0,AO,1749265748
419,tamanrasset,22.785,5.5228,22.95,38,40,4.63,DZ,1749265749
420,corner brook,48.9667,-57.9484,13.29,95,96,0.28,CA,1749265750
421,thunder bay,48.4001,-89.3168,9.18,68,50,0.79,CA,1749265752
422,villa gesell,-37.2639,-56.973,9.71,61,2,1.91,AR,1749265753
423,dryden,49.7833,-92.7503,15.28,40,43,2.09,CA,1749265754
424,alotau,-10.3069,150.4462,26.04,67,100,2.11,PG,1749265755
425,verkhnevilyuysk,63.4453,120.3167,13.81,32,53,4.13,RU,1749265756
426,oriximina,-1.7656,-55.8661,24.41,92,86,2.0,BR,1749265757
427,pandan,14.0453,124.1694,29.06,78,100,3.26,PH,1749265758
428,brookings,44.3114,-96.7984,17.0,77,100,2.57,US,1749265488
429,koster,-25.863,26.8976,7.53,77,0,2.33,ZA,1749265761
430,puerto real,36.5282,-6.1901,19.03,82,0,1.54,ES,1749265762
431,melfi,40.9965,15.6514,16.89,61,0,3.3,IT,1749265763
432,batavia,41.85,-88.3126,18.38,49,0,2.06,US,1749265764
433,omdurman,15.6445,32.4777,30.76,13,3,5.06,SD,1749265765
434,kenai,60.5544,-151.2583,13.05,50,100,2.06,US,1749265766
435,aripuana,-9.1667,-60.6333,25.09,64,59,0.65,BR,1749265767
436,tindouf,27.6711,-8.1474,26.29,22,19,2.78,DZ,1749265768
437,darhan,49.4867,105.9228,20.94,27,5,0.73,MN,1749265769
438,alofi,-19.0595,-169.9187,26.94,83,75,3.09,NU,1749265770
439,hadibu,12.65,54.0333,27.01,80,92,6.38,YE,1749265772
440,kone,-21.0595,164.8658,26.17,41,0,3.11,NC,1749265773
441,timaru,-44.4,171.25,5.6,85,100,3.58,NZ,1749265774
442,puerto santa,-8.9906,-78.6456,18.95,85,38,5.17,PE,1749265775
443,antofagasta,-23.65,-70.4,14.6,87,47,2.38,CL,1749265776
444,zouerate,22.7187,-12.4521,22.02,47,0,4.8,MR,1749265777
445,alice springs,-23.7,133.8833,17.75,48,0,4.63,AU,1749265778
446,poronaysk,49.2167,143.1167,11.06,80,95,3.53,RU,1749265779
447,kirakira,-10.4544,161.9205,27.61,70,100,3.6,SB,1749265780
448,jayapura,-2.5333,140.7,30.66,60,86,2.29,ID,1749265782
449,makurazaki,31.2667,130.3167,26.34,61,51,4.53,JP,1749265783
450,kalaoa,19.7286,-155.9817,24.3,77,91,1.34,US,1749265784
451,bengkulu,-3.8004,102.2655,28.21,65,100,0.39,ID,1749265785
452,makassar,-5.14,119.4221,27.03,94,40,3.09,ID,1749265786
453,vilyuysk,63.7553,121.6247,14.2,38,66,4.7,RU,1749265787
454,adigrat,14.277,39.462,14.59,52,83,2.22,ET,1749265788
455,beyneu,45.3167,55.2,20.31,57,46,2.61,KZ,1749265789
456,uttarkashi,30.7333,78.45,22.65,43,0,1.26,IN,1749265790
457,shibetsu,43.659,145.132,18.51,71,100,7.17,JP,1749265791
458,port moresby,-9.4431,147.1797,28.05,68,38,7.86,PG,1749265792
459,newman,37.3138,-121.0208,28.35,48,0,2.68,US,1749265794
460,saint-denis,48.9167,2.3333,15.43,81,100,6.69,FR,1749265795
461,obo,5.3998,26.4869,19.17,80,35,1.23,CF,1749265796
462,parun,35.4207,70.9221,11.54,50,2,1.3,AF,1749265797
463,cidreira,-30.1811,-50.2056,12.44,79,47,1.23,BR,1749265798
464,duyun,26.2667,107.5167,24.88,85,100,2.68,CN,1749265799
465,bela,25.9333,81.9833,36.79,17,0,3.39,IN,1749265800
466,ingenio la esperanza,-24.2255,-64.839,16.14,81,66,1.77,AR,1749265801
467,rio gallegos,-51.6226,-69.2181,7.03,87,0,3.09,AR,1749265802
468,afaahiti,-17.75,-149.2833,25.21,85,100,7.7,PF,1749265803
469,wellington,-41.2866,174.7756,8.81,76,75,16.46,NZ,1749265805
470,galliano,29.4422,-90.2992,28.0,74,40,4.12,US,1749265806
471,papa,47.33,17.4674,14.96,88,0,1.03,HU,1749265807
472,veraval,20.9,70.3667,29.46,74,0,3.5,IN,1749265808
473,dakhla,23.6848,-15.958,18.09,93,4,7.13,EH,1749265809
474,lazaro cardenas,17.9583,-102.2,28.44,78,84,1.36,MX,1749265810
475,robore,-18.3333,-59.75,22.15,69,85,1.16,BO,1749265811
476,nagqu,31.5,92.0,2.48,89,100,3.81,CN,1749265812
477,saint-joseph,-21.3667,55.6167,21.21,79,28,6.1,RE,1749265815
478,ponta delgada,37.7333,-25.6667,18.44,82,20,0.51,PT,1749265816
479,general pinedo,-27.3167,-61.2833,12.75,82,0,3.55,AR,1749265817
480,sisimiut,66.9395,-53.6735,1.42,90,98,1.03,GL,1749265818
481,camaguey,21.3808,-77.9169,26.19,83,76,4.12,CU,1749265819
482,fayetteville,35.0527,-78.8784,27.29,78,0,3.09,US,1749265652
483,sefwi wiawso,6.2044,-2.4886,22.26,99,69,0.72,GH,1749265821
484,itapecuru mirim,-3.3925,-44.3586,23.42,96,25,1.37,BR,1749265822
485,christchurch,-43.5333,172.6333,6.64,75,40,7.72,NZ,1749265775
486,uruzgan,32.8333,66.0,25.23,17,1,0.65,AF,1749265824
487,nyrob,60.733,56.7202,13.82,63,81,2.73,RU,1749265825
488,akure,7.2526,5.1931,22.12,99,100,1.22,NG,1749265827
489,malvan,16.0667,73.4667,28.98,73,36,2.6,IN,1749265828
490,xishan,27.6667,113.5,33.7,58,6,3.39,CN,1749265829
491,ridgecrest,35.6225,-117.6709,33.92,12,0,3.6,US,1749265830
492,mount pearl,47.5166,-52.7813,14.62,93,100,2.73,CA,1749265831
493,ulladulla,-35.35,150.4667,15.08,65,5,7.91,AU,1749265832
494,yemva,62.59,50.8594,14.71,83,100,2.7,RU,1749265833
495,kailua-kona,19.6406,-155.9956,27.17,75,94,1.34,US,1749265834
496,carbonear,47.7332,-53.2148,15.08,94,100,3.46,CA,1749265835
497,portland,45.5234,-122.6762,26.45,55,25,2.24,US,1749265058
498,aizawl,23.7333,92.7167,28.61,63,11,0.53,IN,1749265837
499,bayanhongor,46.7167,100.1167,12.8,51,71,1.77,MN,1749265839
500,quelimane,-17.8786,36.8883,17.76,97,16,1.64,MZ,1749265840
501,fedorovka,53.6314,62.7078,16.96,52,4,6.97,KZ,1749265841
502,nantucket,41.2835,-70.0995,16.19,100,100,4.63,US,1749265842
503,kismayo,-0.3582,42.5454,24.92,86,63,6.16,SO,1749265843
504,kokkola,63.8385,23.1307,12.8,93,40,2.57,FI,1749265844
505,awjilah,29.1081,21.2869,24.39,29,5,2.93,LY,1749265845
506,springbok,-29.6643,17.8865,7.42,56,100,1.43,ZA,1749265846
507,remire-montjoly,4.9167,-52.2667,25.02,94,40,0.51,GF,1749265847
508,altamira,-3.2033,-52.2064,24.51,86,100,0.75,BR,1749265848
509,melfort,52.8667,-104.6177,21.24,38,100,6.63,CA,1749265849
510,hwangju-up,38.6703,125.7761,24.65,67,97,2.16,KP,1749265851
511,banda aceh,5.5577,95.3222,28.31,74,99,6.02,ID,1749265852
512,brownfield,33.1812,-102.2744,23.51,74,100,9.86,US,1749265853
513,malango,-2.9627,119.9001,27.6,60,34,1.72,ID,1749265854
514,tsiombe,-25.3,45.4833,17.42,84,0,1.73,MG,1749265855
515,koungheul,13.9833,-14.8,29.54,50,18,4.41,SN,1749265856
516,kasongo-lunda,-6.4667,16.8167,20.03,70,0,0.02,CD,1749265857
517,esikhaleni,-28.871,31.8996,18.98,48,0,2.78,ZA,1749265858
518,smithers,54.7804,-127.1743,16.61,43,3,3.09,CA,1749265802
519,katima mulilo,-17.5,24.2667,12.0,58,0,2.69,NA,1749265860
520,paraiso,9.8383,-83.8656,19.68,91,100,1.92,CR,1749265861
521,kristiansund,63.1115,7.732,8.36,81,100,2.57,NO,1749265863
522,atoyac de alvarez,17.2,-100.4333,26.46,88,38,1.95,MX,1749265864
523,nouadhibou,20.931,-17.0347,18.09,86,0,9.15,MR,1749265865
524,fuxin,42.0156,121.6589,25.21,26,0,4.2,CN,1749265866
525,berdigestyakh,62.0989,126.6992,15.55,61,100,3.73,RU,1749265867
526,okhotsk,59.3833,143.3,6.43,89,100,2.15,RU,1749265868
527,stara syniava,49.6032,27.6191,16.84,88,0,2.33,UA,1749265869
528,spas-demensk,54.4122,34.0226,16.66,96,60,2.02,RU,1749265870
529,petauke,-14.2426,31.3253,13.6,72,0,2.11,ZM,1749265871
530,walvis bay,-22.9575,14.5053,13.13,79,0,2.02,NA,1749265872
531,amahai,-3.3333,128.9167,28.47,86,100,3.22,ID,1749265873
532,ust-tsilma,65.441,52.1498,15.96,70,91,2.95,RU,1749265875
533,guiratinga,-16.3494,-53.7583,20.27,57,99,1.16,BR,1749265876
534,palanga,55.9175,21.0686,14.01,82,0,4.12,LT,1749265877
535,shingu,33.7333,135.9833,25.95,58,100,2.76,JP,1749265878
536,amga,60.8953,131.9608,18.16,56,100,1.05,RU,1749265879
537,kawant,22.1,74.05,31.87,55,0,4.03,IN,1749265880
538,vadso,70.0744,29.7487,12.09,76,64,2.06,NO,1749265881
539,jalai nur,49.45,117.7,21.37,30,81,5.3,CN,1749265882
540,kerikeri,-35.2268,173.9474,11.56,85,20,3.23,NZ,1749265883
541,sept-iles,50.2001,-66.3821,15.59,57,100,0.45,CA,1749265884
542,sosnovo-ozerskoye,52.5249,111.5418,18.98,27,1,6.73,RU,1749265886
543,hammerfest,70.6634,23.6821,9.25,87,40,1.54,NO,1749265887
544,flying fish cove,-10.4217,105.6791,27.82,83,99,4.63,CX,1749265889
545,kolokani,13.5728,-8.0339,29.09,48,4,2.8,ML,1749265891
546,mata-utu,-13.2816,-176.1745,26.76,82,100,5.74,WF,1749265892
547,ati,13.2154,18.3353,30.79,33,68,2.74,TD,1749265894
548,onega,63.9061,38.1404,12.62,98,100,1.14,RU,1749265895
549,taitung city,22.7583,121.1444,31.15,79,20,3.6,TW,1749265896
550,nogliki,51.8333,143.1667,8.17,78,100,2.49,RU,1749265897
551,ardakan,32.31,54.0175,21.81,24,0,4.35,IR,1749265898
552,shohimardon,39.9839,71.8028,17.3,73,100,0.75,UZ,1749265899
553,olovyannaya,50.95,115.5667,21.36,25,8,7.14,RU,1749265900
554,nanning,22.8167,108.3167,32.17,66,20,4.06,CN,1749265901
555,new norfolk,-42.7826,147.0587,11.63,80,69,1.95,AU,1749265902
556,merritt,50.1123,-120.7942,22.4,47,99,2.24,CA,1749265903
557,callao,-12.0667,-77.15,18.18,88,75,5.14,PE,1749265904
558,devils lake,48.1128,-98.8651,17.99,55,0,3.6,US,1749265815
559,chervonopartyzans'k,48.0761,39.7962,16.22,65,14,2.04,UA,1749265907
560,natal,-5.795,-35.2094,23.36,94,20,1.54,BR,1749265908
561,baker city,44.7749,-117.8344,22.84,40,0,1.54,US,1749265909
562,maralal,1.0968,36.698,12.99,90,98,1.58,KE,1749265910
563,goseong,34.9763,128.3236,27.4,43,100,3.92,KR,1749265699
564,iquique,-20.2208,-70.1431,17.05,83,100,2.94,CL,1749265912
565,great falls,47.5002,-111.3008,20.93,33,0,7.2,US,1749265913
566,catia la mar,10.6038,-67.0303,25.11,73,20,1.54,VE,1749265914
567,westport,41.1415,-73.3579,22.4,84,20,2.06,US,1749265915
568,nishinoomote,30.7333,131.0,26.24,68,40,4.24,JP,1749265916
569,olinda,-8.0089,-34.8553,23.85,94,40,2.06,BR,1749265917
